{"count":1,"self":182.3119744,"total":383.92682049999996,"children":{"InitializeActuators":{"count":1,"self":0.003,"total":0.003,"children":null},"InitializeSensors":{"count":1,"self":0.0045449999999999996,"total":0.0045449999999999996,"children":null},"AgentSendState":{"count":318634,"self":0.6336552,"total":1.4401557,"children":{"CollectObservations":{"count":31864,"self":0.13141339999999999,"total":0.13141339999999999,"children":null},"WriteActionMask":{"count":31864,"self":0.022211599999999998,"total":0.022211599999999998,"children":null},"RequestDecision":{"count":31864,"self":0.13789389999999999,"total":0.65287549999999994,"children":{"AgentInfo.ToProto":{"count":31864,"self":0.2989958,"total":0.51498159999999993,"children":{"GenerateSensorData":{"count":31864,"self":0.21598579999999998,"total":0.21598579999999998,"children":null}}}}}}},"DecideAction":{"count":318634,"self":199.4709632,"total":199.47096879999998,"children":null},"AgentAct":{"count":318634,"self":0.696172,"total":0.696172,"children":null},"AgentInfo.ToProto":{"count":19,"self":0,"total":0,"children":{"GenerateSensorData":{"count":19,"self":0,"total":0,"children":null}}}},"gauges":{"Swim1.CumulativeReward":{"count":19,"max":1706.4823,"min":259.06012,"runningAverage":1073.77942,"value":1464.82251,"weightedAverage":1532.68164}},"metadata":{"timer_format_version":"0.1.0","start_time_seconds":"1679779472","unity_version":"2021.3.12f1","command_line_arguments":"C:\\Program Files\\Unity\\Hub\\Editor\\2021.3.12f1\\Editor\\Unity.exe -projectpath C:\\Users\\weiao\\VC\\utmist-virtual-creatures -useHub -hubIPC -cloudEnvironment production -licensingIpc LicenseClient-weiao -hubSessionId 1f9af1e0-cb4a-11ed-b3c7-e331d179be30 -accessToken CYlRpCykG7b5B5yvfgI_AHbF0X3oAvv8fmy0BOuLdCg003f","communication_protocol_version":"1.5.0","com.unity.ml-agents_version":"2.0.1","scene_name":"RLTest","end_time_seconds":"1679779856"}}